"ADMIN_ID","ADMIN_NAME","age","gender","CREATED_DATE","UPDATED_DATE","USER_ID"
11,Alice Smith5,30,Female,"2024-02-25 00:03:58","2024-02-25 00:03:58",842
12,Bob Johnson5,30,Male,"2024-02-25 00:03:58","2024-02-25 00:03:58",843
13,Charlie Williams5,30,Male,"2024-02-25 00:03:58","2024-02-25 00:03:58",844
14,David Brown5,30,Male,"2024-02-25 00:03:58","2024-02-25 00:03:58",845
15,Eve Jones5,30,Female,"2024-02-25 00:03:58","2024-02-25 00:03:58",846
16,Frank Garcia5,30,Male,"2024-02-25 00:03:58","2024-02-25 00:03:58",847
17,Grace Martinez5,30,Female,"2024-02-25 00:03:58","2024-02-25 00:03:58",848
18,Harry Young5,30,Male,"2024-02-25 00:03:58","2024-02-25 00:03:58",849
19,Ivy Lopez5,30,Female,"2024-02-25 00:03:58","2024-02-25 00:03:58",850
20,Jack King5,30,Male,"2024-02-25 00:03:58","2024-02-25 00:03:58",851
